Flow1,Flow2,Flow3,Flow4
0.000,0.000,0.000,0.000
time (s),T1,T2,T3,T4,T5,T6,T7,T8,T9,T10,T11,T12,P1,P2,P3,P4
0.0,18.020000,18.680000,18.830000,19.220000,19.460000,19.070000,28.530000,28.470000,28.500000,28.470000,28.500000,28.470000,1.094,0.000,1.099,1.093
0.2,18.020000,18.680000,18.830000,19.220000,19.460000,19.070000,28.530000,28.470000,28.500000,28.470000,28.500000,28.470000,1.094,0.000,1.099,1.093
0.4,18.020000,18.680000,18.830000,19.220000,19.460000,19.070000,28.500000,28.470000,28.500000,28.470000,28.500000,28.470000,1.094,0.000,1.099,1.093
0.6,18.020000,18.680000,18.830000,19.220000,19.460000,19.070000,28.500000,28.470000,28.500000,28.470000,28.500000,28.470000,1.094,0.000,1.099,1.093
0.8,18.020000,18.680000,18.860000,19.220000,19.460000,19.070000,28.500000,28.470000,28.470000,28.470000,28.500000,28.470000,1.094,0.000,1.099,1.093
1.0,18.020000,18.680000,18.860000,19.190000,19.460000,19.070000,28.500000,28.470000,28.470000,28.440000,28.500000,28.470000,1.094,0.000,1.099,1.093
1.2,18.020000,18.680000,18.860000,19.190000,19.430000,19.070000,28.500000,28.470000,28.470000,28.440000,28.470000,28.470000,1.094,0.000,1.099,1.093
1.3,18.020000,18.680000,18.860000,19.190000,19.430000,19.040000,28.500000,28.470000,28.470000,28.440000,28.470000,28.440000,1.094,0.000,1.099,1.093
1.5,18.020000,18.680000,18.860000,19.190000,19.430000,19.040000,28.500000,28.470000,28.470000,28.440000,28.470000,28.440000,1.094,0.000,1.099,1.093
1.7,17.990000,18.680000,18.860000,19.190000,19.430000,19.040000,28.500000,28.470000,28.470000,28.440000,28.470000,28.440000,1.094,0.000,1.099,1.093
1.9,17.990000,18.680000,18.860000,19.190000,19.430000,19.040000,28.500000,28.470000,28.470000,28.440000,28.470000,28.440000,1.094,0.000,1.099,1.093
2.1,17.990000,18.680000,18.830000,19.190000,19.430000,19.040000,28.500000,28.470000,28.470000,28.440000,28.470000,28.440000,1.094,0.000,1.099,1.093
2.3,17.990000,18.680000,18.830000,19.220000,19.430000,19.040000,28.500000,28.470000,28.470000,28.470000,28.470000,28.440000,1.094,0.000,1.099,1.093
2.5,17.990000,18.680000,18.830000,19.220000,19.460000,19.040000,28.500000,28.470000,28.470000,28.470000,28.470000,28.440000,1.094,0.000,1.099,1.093
2.7,17.990000,18.680000,18.830000,19.220000,19.460000,19.040000,28.500000,28.470000,28.470000,28.470000,28.470000,28.440000,1.094,0.000,1.099,1.093
2.9,17.990000,18.680000,18.830000,19.220000,19.460000,19.040000,28.500000,28.470000,28.470000,28.470000,28.470000,28.440000,1.094,0.000,1.099,1.093
3.1,18.020000,18.680000,18.830000,19.220000,19.460000,19.040000,28.500000,28.470000,28.470000,28.470000,28.470000,28.440000,1.094,0.000,1.099,1.093
3.3,18.020000,18.680000,18.830000,19.220000,19.460000,19.040000,28.500000,28.470000,28.470000,28.470000,28.470000,28.440000,1.094,0.000,1.099,1.093
3.5,18.020000,18.680000,18.830000,19.220000,19.460000,19.040000,28.500000,28.470000,28.470000,28.470000,28.470000,28.440000,1.094,0.000,1.099,1.093
3.6,18.020000,18.680000,18.830000,19.190000,19.460000,19.040000,28.500000,28.470000,28.470000,28.470000,28.470000,28.440000,1.094,0.000,1.099,1.093
3.8,18.020000,18.680000,18.830000,19.190000,19.460000,19.040000,28.500000,28.470000,28.470000,28.470000,28.470000,28.440000,1.094,0.000,1.099,1.093
4.0,18.020000,18.680000,18.830000,19.190000,19.460000,19.040000,28.500000,28.470000,28.470000,28.470000,28.470000,28.470000,1.094,0.000,1.099,1.093
4.2,18.020000,18.680000,18.830000,19.190000,19.460000,19.040000,28.500000,28.470000,28.470000,28.470000,28.470000,28.470000,1.094,0.000,1.099,1.093
4.4,18.020000,18.680000,18.830000,19.190000,19.460000,19.040000,28.500000,28.470000,28.470000,28.470000,28.470000,28.470000,1.094,0.000,1.099,1.093
4.6,18.020000,18.680000,18.830000,19.190000,19.460000,19.040000,28.500000,28.470000,28.470000,28.470000,28.470000,28.470000,1.094,0.000,1.099,1.093
4.8,18.020000,18.680000,18.830000,19.190000,19.460000,19.040000,28.500000,28.470000,28.470000,28.470000,28.470000,28.470000,1.094,0.000,1.099,1.093
5.0,18.020000,18.680000,18.830000,19.220000,19.460000,19.040000,28.500000,28.470000,28.470000,28.470000,28.470000,28.470000,1.094,0.000,1.099,1.093
5.2,18.020000,18.680000,18.830000,19.220000,19.430000,19.040000,28.500000,28.470000,28.470000,28.470000,28.470000,28.470000,1.094,0.000,1.099,1.093
5.4,18.020000,18.680000,18.830000,19.220000,19.430000,19.040000,28.500000,28.470000,28.470000,28.470000,28.470000,28.440000,1.094,0.000,1.099,1.093
5.6,18.020000,18.680000,18.830000,19.220000,19.430000,19.040000,28.500000,28.470000,28.470000,28.470000,28.470000,28.440000,1.094,0.000,1.099,1.093
5.8,18.020000,18.680000,18.830000,19.220000,19.430000,19.040000,28.500000,28.470000,28.470000,28.470000,28.470000,28.440000,1.094,0.000,1.099,1.093
6.0,18.020000,18.680000,18.830000,19.220000,19.430000,19.040000,28.500000,28.440000,28.470000,28.470000,28.470000,28.440000,1.094,0.000,1.099,1.093
6.1,18.020000,18.680000,18.830000,19.220000,19.430000,19.040000,28.500000,28.440000,28.470000,28.470000,28.470000,28.440000,1.094,0.000,1.099,1.093
6.3,18.020000,18.680000,18.830000,19.190000,19.430000,19.040000,28.500000,28.440000,28.470000,28.470000,28.470000,28.440000,1.094,0.000,1.099,1.093
6.5,18.020000,18.680000,18.830000,19.190000,19.430000,19.040000,28.500000,28.440000,28.470000,28.470000,28.470000,28.440000,1.094,0.000,1.099,1.093
6.7,18.020000,18.680000,18.830000,19.190000,19.430000,19.070000,28.500000,28.440000,28.470000,28.470000,28.470000,28.470000,1.094,0.000,1.099,1.093
6.9,18.020000,18.680000,18.830000,19.190000,19.430000,19.070000,28.500000,28.440000,28.470000,28.470000,28.470000,28.470000,1.094,0.000,1.099,1.093
7.1,18.020000,18.680000,18.830000,19.190000,19.430000,19.070000,28.470000,28.440000,28.470000,28.470000,28.470000,28.470000,1.094,0.000,1.099,1.093
7.3,18.020000,18.680000,18.830000,19.190000,19.430000,19.070000,28.470000,28.470000,28.470000,28.470000,28.470000,28.470000,1.094,0.000,1.099,1.093
7.5,18.020000,18.680000,18.830000,19.190000,19.430000,19.070000,28.470000,28.470000,28.470000,28.470000,28.470000,28.470000,1.094,0.000,1.099,1.093
7.7,18.020000,18.680000,18.800000,19.190000,19.430000,19.070000,28.470000,28.470000,28.470000,28.470000,28.470000,28.470000,1.094,0.000,1.099,1.093
7.9,18.020000,18.680000,18.800000,19.190000,19.430000,19.070000,28.470000,28.470000,28.470000,28.470000,28.470000,28.470000,1.094,0.000,1.099,1.093
8.1,18.020000,18.680000,18.800000,19.190000,19.460000,19.070000,28.470000,28.470000,28.470000,28.470000,28.470000,28.470000,1.094,0.000,1.099,1.093
8.3,18.020000,18.680000,18.800000,19.190000,19.460000,19.040000,28.470000,28.470000,28.470000,28.470000,28.470000,28.440000,1.094,0.000,1.099,1.093
8.4,18.020000,18.680000,18.800000,19.190000,19.460000,19.040000,28.470000,28.470000,28.470000,28.470000,28.470000,28.440000,1.094,0.000,1.099,1.093
8.6,18.020000,18.680000,18.800000,19.190000,19.460000,19.040000,28.500000,28.470000,28.470000,28.470000,28.470000,28.440000,1.094,0.000,1.099,1.093
8.8,18.020000,18.680000,18.800000,19.190000,19.460000,19.040000,28.500000,28.440000,28.470000,28.470000,28.470000,28.440000,1.094,0.000,1.099,1.093
9.0,18.020000,18.680000,18.830000,19.190000,19.460000,19.040000,28.500000,28.440000,28.470000,28.470000,28.470000,28.440000,1.094,0.000,1.099,1.093
9.2,18.020000,18.680000,18.830000,19.190000,19.460000,19.040000,28.500000,28.440000,28.470000,28.470000,28.470000,28.440000,1.094,0.000,1.099,1.093
9.4,18.020000,18.680000,18.830000,19.190000,19.430000,19.040000,28.500000,28.440000,28.470000,28.470000,28.470000,28.440000,1.094,0.000,1.099,1.093
9.6,18.020000,18.680000,18.830000,19.190000,19.430000,19.040000,28.500000,28.440000,28.470000,28.470000,28.470000,28.470000,1.094,0.000,1.099,1.093
9.8,18.020000,18.680000,18.830000,19.190000,19.430000,19.040000,28.500000,28.440000,28.470000,28.470000,28.470000,28.470000,1.094,0.000,1.099,1.093
10.0,17.990000,18.680000,18.830000,19.190000,19.430000,19.040000,28.500000,28.440000,28.470000,28.470000,28.470000,28.470000,1.094,0.000,1.099,1.093
10.2,17.990000,18.680000,18.830000,19.190000,19.430000,19.040000,28.500000,28.470000,28.470000,28.470000,28.470000,28.470000,1.094,0.000,1.099,1.093
10.4,17.990000,18.680000,18.830000,19.190000,19.430000,19.040000,28.500000,28.470000,28.470000,28.470000,28.470000,28.470000,1.094,0.000,1.099,1.093
11.3,17.990000,18.680000,18.830000,19.190000,19.430000,19.070000,28.500000,28.470000,28.470000,28.440000,28.470000,28.440000,1.094,0.000,1.099,1.093
12.3,17.990000,18.680000,18.830000,19.220000,19.430000,19.040000,28.500000,28.470000,28.470000,28.470000,28.470000,28.470000,1.094,0.000,1.099,1.093
13.2,17.990000,18.650000,18.830000,19.220000,19.430000,19.040000,28.500000,28.440000,28.470000,28.470000,28.470000,28.470000,1.094,0.000,1.099,1.093
14.2,17.990000,18.680000,18.830000,19.220000,19.430000,19.040000,28.500000,28.470000,28.470000,28.470000,28.470000,28.470000,1.094,0.000,1.099,1.093
